model,ll,trials
0,2.639057329615259,14
1,0.6931471805599453,2
3,2.3978952727983707,11

